,labels
0,$h@!l¬£$h
1,...rachit
2,0cool1
3,0jha_vivek
4,100ravsachinist
5,121ajitesh
6,1991ragu
7,1_wasimansari
8,1fullspeed1
9,1krishnaprasad
10,2014inc
11,21suchita
12,247nil247_1
13,25sumi
14,2e17724da17f491
15,2twosare4
16,2viveksingh
17,307_sunny
18,318amit
19,3346sneha
20,46065singh
21,47afd39a7f0d4a6
22,4cricketonly
23,500urvashi
24,66thakur99
25,6898akash
26,69b1b71236104d6
27,75f0fb0c8e5d46b
28,7c7e9374f715402
29,7th_samurai
30,94karthik
31,95apurva
32,98189
33,99999sv
34,_1_peg_maaro_
35,___vill_ain_
36,_angrybird03
37,_arvindpatel
38,_being_banna
39,_bhaarat_
40,_bhavyath_
41,_capriciousgirl
42,_cephrc
43,_danishbakshi
44,_dd8
45,_deepak_nikam
46,_desibuzz
47,_df10__
48,_girikurnool
49,_hemanshu_
50,_iam_mr_nobody_
51,_irajput
52,_kannan
53,_kranga
54,_llks
55,_nairfyi
56,_neeraj_sharma_
57,_nkitnayyar
58,_premm
59,_privacyright
60,_royal_jaat
61,_sandeepjangra
62,_satnil
63,_saurabhbandari
64,_silly_mistake_
65,_telescopicview
66,_vaibhav____
67,_vkapur_
68,_whosumit
69,_yash__007
70,_yogeshattri
71,a cricket fan üò∑
72,a$hwini
73,a2rbk
74,a_mangeshkar
75,a_nehaaa
76,a_square_bunny
77,a_surangalikar
78,aaa
79,aabhi96
80,aabhiyam
81,aadarshverma14
82,aadhaarlaw
83,aadikamle
84,aajtaktej
85,aakash chopra
86,aakash18jan
87,aam_nationalist
88,aamadmigs
89,aamirpeerzadbbc
90,aamodmufc
91,aan_amit
92,aap
93,aap ka mehta
94,aap mcd media cell
95,aapabbidi
96,aaphaipaap
97,aaphaipaap_
98,aapkavicky
99,aapkiprerna1010
100,aaplink
101,aaptivistshivam
102,aapvind
103,aaqeeeb
104,aaravkmeena
105,aartis25
106,aarushiiiiiiiii
107,aasheesh_dixit
108,aashi07374110
109,aashi_neema
110,aashishkokil007
111,aashurawat8
112,aasifrahman6
113,aasir
114,aasirricherd
115,aavinashchaliha
116,aawazindiaki
117,ab de villager
118,abc10081993
119,abdul_gafoor
120,abhasunnao
121,abhayinsearch
122,abhi
123,abhi10_
124,abhi4621
125,abhi_143_
126,abhi_aparaajith
127,abhi_from_heart
128,abhi_pandey84
129,abhiblue
130,abhijitmrdas
131,abhikhandekar1
132,abhilashnair51
133,abhimish27
134,abhinav18773697
135,abhinay_gurjar
136,abhipattanaik
137,abhiru80
138,abhisangrish
139,abhishe70159271
140,abhishe71107272
141,abhishek sharma
142,abhishek0419981
143,abhishek_patni
144,abhishek_shah82
145,abhishekdawar
146,abhishekdpsisb
147,abhishekgurjar3
148,abhishekhillari
149,abhishekjainys
150,abhishekrahul31
151,abhishekrwt_st
152,abhishekshaww
153,abhishekson2014
154,abhisheksri20
155,abhisheksv
156,abhishekv766
157,abhudayparasar
158,abhynav9
159,abinash625
160,abishakenaidu1
161,abnish045
162,abp news
163,abs_handy
164,abyaz
165,achibandhu
166,achinttamrakar
167,acmania97
168,actionsharma
169,ad_shant
170,adamdizzler
171,adarshgupta2007
172,adeshpandav
173,adhikarivarun
174,adhvayam
175,adi1910
176,adi_8100
177,adil nargolwala
178,adit_varshney
179,aditi_99sharma
180,aditya5bahl
181,aditya_khanna
182,adityagund
183,adityampaul
184,adityamushyam
185,adityasenvk18
186,adrija bose
187,advadityagupta
188,advait j
189,adventureankur
190,afjalhu38858602
191,afkhhan
192,afpoh
193,afpohindia
194,afraid2baindian
195,aftabramzansha1
196,afzalhayat0103
197,agnivanshii
198,agrawalyash29
199,agrawmohit
200,agriculture india
201,agrwal_akhil
202,aham__brahmasmi
203,ahinsaproperty
204,ahmed
205,ahmed_razim
206,aibwalapaplesh
207,aiman afsar
208,aimwand
209,ainiimam8
210,aipc
211,air quality in india
212,aircide
213,airqualityasia
214,airqualityindia
215,aishwarya2114
216,aishwaryasudhir
217,aj singh
218,ajay maken
219,ajay_chauhan
220,ajay_kamath
221,ajay_kp06
222,ajay_sngh
223,ajayddnews
224,ajaydhawan29
225,ajaymanakshaw
226,ajaymodibs
227,ajayraw29863586
228,ajaysk311
229,ajayyvaghela
230,aji_grandeur
231,ajit ranade
232,ajitkdubey
233,ajji72
234,ajmalsami
235,ajsathisha
236,akash73469377
237,akashay_tomar
238,akashburana
239,akashdeepn
240,akashdoshi123
241,akashhustle
242,akashkriplani25
243,akashvns092
244,akeeranand
245,akhandchutiyapa
246,akhil akkineni
247,akhilasg
248,akilumalli
249,akki_gunner04
250,akkiankumar
251,akkiboking
252,akkii2995
253,aklimanazneen1
254,aknatraj28
255,aksh296
256,akshanali
257,akshatgarg32
258,akshatshukladd
259,akshay vaidya
260,akshay9820
261,akshay_khanna
262,akshayjoshi87
263,akshayk01835688
264,akshayluhadiya
265,akshaymore
266,akshayraina1
267,aksindel
268,aksinhaster
269,aksrt102
270,akswakade
271,aktpatel
272,aktripathi86
273,alareyala
274,albanalvarez
275,albatros828
276,ali irfan
277,aliasayedzaidi1
278,alibagker
279,alinedobbie
280,alku_par
281,allapradeep2568
282,allindiatroll
283,alltimejocular
284,allu_chami
285,alok k n mishra
286,alok kumar sah
287,alok__93
288,alokesh_aki
289,alokknmishra
290,alokkumarsah843
291,aloksinghcse
292,alphaideas
293,alphonsolife
294,alphonsomangooo
295,alroy_noronha
296,alwayssanjayy
297,am_krish7
298,am_pradee
299,amabirdman
300,amalegrooming
301,amalhotra2
302,aman tandon
303,amanbhardwaj998
304,amanbindal24
305,amandeep singh
306,amanhirawat3
307,amankhater
308,amar_shinde527
309,amardeepteghra
310,amarjassal
311,amarjeetgill81
312,amarjitkene
313,amarr43968135
314,amarsailor77
315,amarujalaresult
316,amazing_ananth
317,amazingsrkfansj
318,amberangels1
319,amberat44
320,ambyanan
321,amifromindia
322,amilakalugalage
323,amit
324,amit bhatt
325,amit kumar
326,amit mishra
327,amit shah
328,amit123ji
329,amit59684
330,amit_kashyapg
331,amita_jaswal
332,amitabh bachchan
333,amitabhishek
334,amitadhikary225
335,amitangshu
336,amitazad67
337,amitbhatr
338,amitbhatt4u
339,amitblues2007
340,amitp9201
341,amitparchani
342,amitrinx
343,amitsharma0730
344,amitspeakshere
345,amitsuthar189
346,amittripathi
347,amitvguptaji
348,amitw310
349,amitxsingh
350,amityadavamit
351,amjanshuri
352,ammar_hamid
353,ammarshafique
354,ammitk1
355,amoffa50
356,amolbachhav_
357,amolkumthekar
358,amreen_kalsi
359,amreshkr612
360,amrit_sharma
361,amritsarih
362,amruth_jagtap
363,amshumanudupa
364,amu yednap
365,amu81000
366,an insignificant man
367,anamboodiripad
368,anand vasu
369,anand_solknight
370,anandaganesh17
371,anandgopalappa
372,anandkumarsai
373,anandsamdarshi
374,anandsharma_bjp
375,anandvasu
376,anandvisen1
377,ananta876
378,ananyajamadagni
379,andreasbbc231
380,andrew fidel fernando
381,andykrish2207
382,angelo mathews
383,angry_nerdd
384,ani
385,ani_luv2015
386,ani_raj2912
387,aniketd24253632
388,aniketpawar555
389,aniketsc05
390,aniketv17
391,anil sharma bjp
392,anil_vivek
393,anila799
394,anilknaran
395,anilkum82171188
396,animeshisgr8
397,anirabojha
398,anirban1970
399,aniruddhad_mt
400,anirudhs3955
401,anish6199
402,anish_tnp
403,anita_sharma1
404,anitaaryan
405,anjaan0912
406,anjali_k
407,anjalipai1
408,anjalispeaks
409,anjgsharma
410,ank357
411,ankeetnain
412,anki309
413,anki4uever
414,ankieshekhawat
415,ankit gupta
416,ankit kumar
417,ankit lal
418,ankit rawat
419,ankit_bansl
420,ankit_mavi
421,ankit_nirban
422,ankitadsinha
423,ankitbini
424,ankitgupta1209
425,ankitluv07
426,ankitmeena710
427,ankitmehta1996
428,ankitpatle20
429,anku
430,ankur_mishra_
431,ankurparasar
432,ankush bajaj
433,ankusharora1221
434,anmol_77
435,anmol_angrish
436,anmolb44
437,anmolbhat10
438,anmolch08827184
439,anmolpateljbp
440,annebelle_123
441,annnuza
442,annuhappy
443,anoopmanjadi4
444,anshu31091
445,anshul_tewari
446,anshulkaushal32
447,anshuman magazine
448,anthem_e
449,antonio_monteno
450,antonioconte234
451,antopraveen
452,antorayson
453,anubharadwaj78
454,anubhav tewari
455,anudeepvarmac
456,anuj dhar
457,anuj khanijau
458,anujajtoi
459,anujbanaita
460,anujjoshi07
461,anupam gupta
462,anupam_rai78
463,anupamtiwa12345
464,anuradha pandey
465,anuradha9082
466,anuragpathak33
467,anuragsocial
468,anuragvangujar
469,anusha_47
470,anushkaviratian
471,anuthinan
472,anvayrathod
473,anveer77
474,aolanand
475,ap
476,ap_pune
477,apoorv7117
478,appaviofficial
479,apple_gourd
480,appujii
481,apurvavaishnav
482,aqeel_p
483,aquiseen
484,arabind01021129
485,arabindajoshi
486,arafathfazal
487,arastugupta
488,arav_m
489,aravind5384
490,aravindas_
491,aravindramesh07
492,aravindriyer
493,aravindyan
494,arbindagnihotr1
495,archana vijaya
496,archana1402
497,archisharma9
498,archujb
499,arctistry
500,areeshhere
501,aregeepee
502,arghyalahiri
503,ariffshihab
504,arijit banarji‚òï
505,arijit1110
506,arjanifarzan
507,arjun pai
508,arjun_jat20
509,arjuna ranatunga
510,arjuncapone
511,arjunkarwa
512,arjunmeninblue
513,arjunmithun
514,arjunwadia
515,arkantos2508
516,armaan malik
517,armaansaira
518,armanmalik2526
519,armayenii
520,arnabku44271240
521,arnabp123
522,aroarun
523,aroranitin15
524,arpit saxena
525,arpitsaxena24
526,arshad batcha‚Ñ¢
527,arshkhandaar
528,arsvijailata
529,arth vaishnav ‚Ä¢ef‚Ä¢
530,artist_says
531,arul achela
532,arun10venkat
533,arun17avi
534,arun3491
535,arun4friends
536,arunabhhazarik1
537,arunattuvassery
538,arundas04491277
539,arunimsen
540,arunk0306
541,arunpande11
542,arunpbh496
543,arunraj18302
544,arunranjithmms
545,arunrawal93
546,aruntwitsss
547,arvind kejriwal
548,arvindsingh021
549,arvloshan
550,arya_smm
551,aryavart_bhumi
552,as_santosh
553,as_vicky2000
554,asghar_khaled
555,ash_u_ooo
556,asharora08
557,ashdkp
558,ashegunashi
559,ashif129
560,ashim_sport
561,ashish jha üêë
562,ashish khetan
563,ashish magotra
564,ashish malhotra
565,ashish mullick
566,ashish54571677
567,ashish_akm16
568,ashishagw
569,ashishbisht123
570,ashishlamar
571,ashishmathewkos
572,ashishp25
573,ashishpatel_12
574,ashishranjanpam
575,ashishu4u
576,ashmishimna15
577,ashnorthstar
578,ashokgmbl
579,ashokku42315622
580,ashokraja987
581,ashoksan93
582,ashpreetsethi
583,ashram4all
584,ashu20_ashu
585,ashutosh
586,ashutosh_83b
587,ashutoshasj
588,ashutoshnegi007
589,ashwani67154051
590,ashwanijha1111
591,ashwin ravichandran
592,ashwin_sagri
593,ashwindambhare7
594,ashwinikc
595,asimuddin_1997
596,asjadullahkhan5
597,asjha
598,askhkb
599,askrahul
600,aslamchandio_
601,aslikaanchaa
602,asudan
603,asunil9
604,aswani100
605,aswathi
606,at90389519
607,atalwatkar
608,ateet mishra
609,atharav
610,atharva kulkarni
611,atheist_shiv
612,atheistdevil
613,atiqmalikawan
614,atishpatel
615,atishsharma990
616,ativeer1
617,atlasdanced
618,attrisumeet
619,atul khatri
620,atul__sri
621,atul_patils
622,atul_singh_29
623,atulakkii
624,atuleshjha
625,atulgup81635324
626,atulkatiyar0071
627,atulpandit048
628,atulsinghirse
629,atultyagi1986
630,audrey truschke
631,aufidius
632,aukat_me_reh
633,aulakhkaran1
634,auqibmajid
635,aura heritage spa
636,auraheritagespa
637,aurfe
638,auroop
639,avadheshmourya
640,avigyan31
641,avijitghoshtoi
642,avikroy5
643,avinash09kumar
644,avinash_jampala
645,avinash_mailme
646,avinash_shigwan
647,avinashmshinde1
648,avinashpatel811
649,avinashs27
650,avinashthinks
651,avinitkumarlove
652,avl1818
653,avneesh_st
654,avtar_badesha
655,awaaz_nichey
656,awasomeshahu
657,awi9346
658,axioajmal
659,ayaanmalhotra3
660,ayan_5555
661,ayan_shrma
662,ayodhyaps
663,ayoob_rx
664,ayshvaryaswarna
665,ayush marshal
666,ayush singh
667,ayush9pandey
668,ayushds22
669,ayushjakhetia
670,ayushsmart6
671,azeem ameen
672,azeemass
673,azhagumariapan
674,azureprinceinc
675,azzam ameen
676,b s vohra
677,b_jarsonia
678,babai_ch2016
679,babashreeingale
680,babaumarr
681,babbar_sahab
682,baby soni
683,babysoni7
684,badassyd
685,badke_babu
686,badshah091
687,bahardutt
688,bajigarbadshahh
689,bajinder uppal
690,bajpairohit0
691,bala_ji__
692,balabe87
693,balagopalsree
694,balaji_blaster4
695,balajibalaba399
696,balajigupta
697,balajipirates
698,balavijaykohli
699,baldevnauhvar
700,baleshs
701,balisrkian
702,balkrishanamar1
703,bandittyagi
704,banerjeetarang
705,bantisi23521422
706,bantudas2
707,bantusingh5
708,baqihina
709,barack obama
710,barbelealka
711,bare_air
712,barmanbedanta
713,barotchetan99
714,bas kar pagle
715,basantpaswan7
716,bashing_ajay
717,basithalik
718,baskibalav7
719,batishc
720,batman2715
721,batrakartikeya
722,bauraimukesh6
723,bbc news (world)
724,bbc sport
725,bbjokesbyvansh
726,bbrucewayne123
727,bcci
728,be_vishal_srk
729,bear_bull_cycle
730,beardownewsr
731,beastjkj007
732,beatcloudsmask
733,beckjack4
734,bedard_balam
735,beeji2001
736,befikre_veer
737,being_anki
738,being_deep2
739,being_phoenix
740,beingamankumar
741,beingbeyond
742,beingkinny
743,beinglomesh
744,beingritesh_
745,beingsayonton
746,beingshubh_000
747,bellcbat
748,bensalins
749,bentertenment
750,best07_legend
751,bgrindia
752,bhagatujn
753,bhakthlokesh
754,bhanu0109
755,bhanusingh21
756,bhanuvirat25
757,bharat
758,bharat gandhi
759,bharat_h_gandhi
760,bharat_manthan
761,bharath_70
762,bharathkumarsk
763,bharati chaturvedi
764,bharatk27272013
765,bharatmakalal
766,bharatmmm
767,bhardwajharsh08
768,bhargavarajeev
769,bhargavreddy_c
770,bhartiyalist
771,bhartsaharan4
772,bhashighildiyal
773,bhaskarjyoti_d
774,bhaskarsirius
775,bhatibrothers
776,bhautik_sheth
777,bhav_dreamer
778,bhavesh swami
779,bhaveshsw
780,bhavya_kaushik
781,bhavyagupta7217
782,bhawana08
783,bheempspk
784,bhimdev101
785,bhindibajar
786,bhojak_andy
787,bhojpurispeaker
788,bhsoni4
789,bhupender singh
790,bhupendra_mufc
791,bhupi5443
792,bhupisaini31
793,bhushan050297
794,bhuvan46
795,bhwanishankar1
796,bidaravi
797,big5777
798,bigbongtheory
799,bigotbaba
800,bijal_v
801,bikaneri555
802,bilal_sukhera
803,billakaran
804,billaraj_03
805,billz_25
806,bindernain9
807,binit kumar
808,birlabhai
809,bishan bedi
810,bishnoi_meet
811,bitcoinbcash
812,bjp
813,bjp delhi
814,blg86mnsnpkb
815,blink
816,bloggeray26
817,bluedevil_666
818,blunt_comment
819,bnana_repblic
820,bnarsc
821,bnr5458
822,bobby talks cinema
823,bond_suhas
824,bongchild
825,bookwormmedha
826,booleanent
827,booper_man
828,boria majumdar
829,boriamajumdar
830,born_offensive
831,bornrealist00
832,boteshwar
833,bpclsultanpur
834,brahksh
835,braj
836,brajeshjee
837,brandywhittemo5
838,breathing delhi
839,bree
840,brijesh mehta
841,brijesh88220727
842,brikesh
843,bruhitzshivani
844,bruslinikhil
845,bsaikiranb
846,bsinghm_
847,budditha
848,built_in_vg
849,bundelkhandsehu
850,burhan_kl
